id,class,name,cloth
apollo-gods,angels,gods,glory
apollo-angels,angels,angels,glory
apollo-fallen-angels,fallen-angels,fallenAngels,glory
apollo-fallen-angels-fire,fallen-angels,fireAngel,glory
apollo-fallen-angels-wisdom,fallen-angels,wisdomAngel,glory
apollo-fallen-angels-thrones,fallen-angels,thronesAngel,glory
apollo-fallen-angels-power,fallen-angels,powerAngel,glory
apollo-abel-gods,corona-saints,gods,coronacloth
apollo-abel-corona-saints,corona-saints,coronaSaints,coronacloth
apollo-abel-revived-saints,corona-saints,ressurectedSaints,coronacloth
apollo-golden-warriors-gods,golden-warriors,gods,cloth
apollo-golden-warriors,golden-warriors,goldenWarriors,cloth
apsu-anunnakis,anunnakis,anunnakis,ancestralweapon
apsu-weapons,anunnakis,ancestralweapon,ancestralweapon
ares-gods,berserkers,gods,dagger
ares-legion-flame,berserkers,legionOfFlame,dagger
ares-legion-disaster,berserkers,legionOfDisaster,dagger
ares-legion-fear,berserkers,legionOfFear,dagger
ares-legion-fire,berserkers,legionOfFire,dagger
ares-mars-gods,martians,gods,galaxy
ares-mars-representatives,martians,representative,galaxy
ares-mars-heavenly-kings,martians,fourHeavenlyKingsOfMars,galaxy
ares-mars-martians,martians,martians,galaxy
ares-mars-soldiers,martians,soldiers,galaxy
artemis-gods,satellites,gods,
artemis-witch,satellites,witchOfTheMoon,
artemis-satellite-representative,satellites,representative,
artemis-satellite-captain,satellites,captain,
artemis-satellites,satellites,satellites,
arthur-gladiators-king,gladiators,king,sacredsword
arthur-gladiators,gladiators,gladiators,sacredsword
arthur-gladiators-low,gladiators,lowRank,sacredsword
astraea-gods,golden-tribe,gods,
astraea-golden-tribe,golden-tribe,goldenTribe,
athena-gods,saints,gods,cloth
athena-saints-1,saints,andromedaConstellation,cloth
athena-saints-2,saints,antliaConstellation,cloth
athena-saints-3,saints,apusConstellation,cloth
athena-saints-4,saints,aquariusConstellation,cloth
athena-saints-5,saints,aquilaConstellation,cloth
athena-saints-6,saints,araConstellation,cloth
athena-saints-7,saints,ariesConstellation,cloth
athena-saints-8,saints,aurigaConstellation,cloth
athena-saints-9,saints,bootesConstellation,cloth
athena-saints-10,saints,caelumConstellation,cloth
athena-saints-11,saints,camelopardalisConstellation,cloth
athena-saints-12,saints,cancerConstellation,cloth
athena-saints-13,saints,canesVenaticiConstellation,cloth
athena-saints-14,saints,canisMajorConstellation,cloth
athena-saints-15,saints,canisMinorConstellation,cloth
athena-saints-16,saints,capricornusConstellation,cloth
athena-saints-17,saints,carinaConstellation,cloth
athena-saints-18,saints,cassiopeiaConstellation,cloth
athena-saints-19,saints,centaurusConstellation,cloth
athena-saints-20,saints,cepheusConstellation,cloth
athena-saints-21,saints,cetusConstellation,cloth
athena-saints-22,saints,chamaeleonConstellation,cloth
athena-saints-23,saints,circinusConstellation,cloth
athena-saints-24,saints,columbaConstellation,cloth
athena-saints-25,saints,comaBerenicesConstellation,cloth
athena-saints-26,saints,coronaAustralisConstellation,cloth
athena-saints-27,saints,coronaBorealisConstellation,cloth
athena-saints-28,saints,corvusConstellation,cloth
athena-saints-29,saints,craterConstellation,cloth
athena-saints-30,saints,cruxConstellation,cloth
athena-saints-31,saints,cygnusConstellation,cloth
athena-saints-32,saints,delphinusConstellation,cloth
athena-saints-33,saints,doradoConstellation,cloth
athena-saints-34,saints,dracoConstellation,cloth
athena-saints-35,saints,equuleusConstellation,cloth
athena-saints-36,saints,eridanusConstellation,cloth
athena-saints-37,saints,fornaxConstellation,cloth
athena-saints-38,saints,geminiConstellation,cloth
athena-saints-39,saints,grusConstellation,cloth
athena-saints-40,saints,heraclesConstellation,cloth
athena-saints-41,saints,horologiumConstellation,cloth
athena-saints-42,saints,hydraConstellation,cloth
athena-saints-43,saints,hydrusConstellation,cloth
athena-saints-44,saints,indusConstellation,cloth
athena-saints-45,saints,lacertaConstellation,cloth
athena-saints-46,saints,leoConstellation,cloth
athena-saints-47,saints,leoMinorConstellation,cloth
athena-saints-48,saints,lepusConstellation,cloth
athena-saints-49,saints,libraConstellation,cloth
athena-saints-50,saints,lupusConstellation,cloth
athena-saints-51,saints,lynxConstellation,cloth
athena-saints-52,saints,lyraConstellation,cloth
athena-saints-53,saints,mensaConstellation,cloth
athena-saints-54,saints,microscopiumConstellation,cloth
athena-saints-55,saints,monocerosConstellation,cloth
athena-saints-56,saints,muscaConstellation,cloth
athena-saints-57,saints,normaConstellation,cloth
athena-saints-58,saints,octansConstellation,cloth
athena-saints-59,saints,ophiuchusConstellation,cloth
athena-saints-60,saints,orionConstellation,cloth
athena-saints-61,saints,pavoConstellation,cloth
athena-saints-62,saints,pegasusConstellation,cloth
athena-saints-63,saints,perseusConstellation,cloth
athena-saints-64,saints,phoenixConstellation,cloth
athena-saints-65,saints,pictorConstellation,cloth
athena-saints-66,saints,piscesConstellation,cloth
athena-saints-67,saints,piscisAustrinusConstellation,cloth
athena-saints-68,saints,puppisConstellation,cloth
athena-saints-69,saints,pyxisConstellation,cloth
athena-saints-70,saints,reticulumConstellation,cloth
athena-saints-71,saints,sagittaConstellation,cloth
athena-saints-72,saints,sagittariusConstellation,cloth
athena-saints-73,saints,scorpiusConstellation,cloth
athena-saints-74,saints,sculptorConstellation,cloth
athena-saints-75,saints,scutumConstellation,cloth
athena-saints-76,saints,serpensConstellation,cloth
athena-saints-77,saints,sextansConstellation,cloth
athena-saints-78,saints,taurusConstellation,cloth
athena-saints-79,saints,telescopiumConstellation,cloth
athena-saints-80,saints,triangulumConstellation,cloth
athena-saints-81,saints,triangulumAustraleConstellation,cloth
athena-saints-82,saints,tucanaConstellation,cloth
athena-saints-83,saints,ursaMajorConstellation,cloth
athena-saints-84,saints,ursaMinorConstellation,cloth
athena-saints-85,saints,velaConstellation,cloth
athena-saints-86,saints,virgoConstellation,cloth
athena-saints-87,saints,volansConstellation,cloth
athena-saints-88,saints,vulpeculaConstellation,cloth
athena-former-saints-1,saints,anguillaFormerConstellation,cloth
athena-former-saints-2,saints,antinousFormerConstellation,cloth
athena-former-saints-3,saints,apesFormerConstellation,cloth
athena-former-saints-4,saints,apisFormerConstellation,cloth
athena-former-saints-5,saints,araneaFormerConstellation,cloth
athena-former-saints-6,saints,argoNavisFormerConstellation,cloth
athena-former-saints-7,saints,asselliAndPraesepeFormerConstellation,cloth
athena-former-saints-8,saints,asterionAndCharaFormerConstellation,cloth
athena-former-saints-9,saints,batteryOfVoltaFormerConstellation,cloth
athena-former-saints-10,saints,bufoFormerConstellation,cloth
athena-former-saints-11,saints,cancerMinorFormerConstellation,cloth
athena-former-saints-12,saints,capraAndHaediFormerConstellation,cloth
athena-former-saints-13,saints,cerberusFormerConstellation,cloth
athena-former-saints-14,saints,corCaroliRegisMartyrisFormerConstellation,cloth
athena-former-saints-15,saints,coronaFirmianaFormerConstellation,cloth
athena-former-saints-16,saints,custosMessiumFormerConstellation,cloth
athena-former-saints-17,saints,deltotonFormerConstellation,cloth
athena-former-saints-18,saints,dentaliumFormerConstellation,cloth
athena-former-saints-19,saints,felisFormerConstellation,cloth
athena-former-saints-20,saints,fredericiHonoresFormerConstellation,cloth
athena-former-saints-21,saints,gallusFormerConstellation,cloth
athena-former-saints-22,saints,gladiiElectoralesSaxoniciFormerConstellation,cloth
athena-former-saints-23,saints,globusAerostaticusFormerConstellation,cloth
athena-former-saints-24,saints,gryphitesFormerConstellation,cloth
athena-former-saints-25,saints,hippocampusFormerConstellation,cloth
athena-former-saints-26,saints,hirudoFormerConstellation,cloth
athena-former-saints-27,saints,jordanusFormerConstellation,cloth
athena-former-saints-28,saints,leoPalatinusFormerConstellation,cloth
athena-former-saints-29,saints,lochiumFunisFormerConstellation,cloth
athena-former-saints-30,saints,liliumFormerConstellation,cloth
athena-former-saints-31,saints,limaxFormerConstellation,cloth
athena-former-saints-32,saints,linumPisciumFormerConstellation,cloth
athena-former-saints-33,saints,lumbricusFormerConstellation,cloth
athena-former-saints-34,saints,machinaElectricaFormerConstellation,cloth
athena-former-saints-35,saints,malusFormerConstellation,cloth
athena-former-saints-36,saints,manisFormerConstellation,cloth
athena-former-saints-37,saints,marmorSculptileFormerConstellation,cloth
athena-former-saints-38,saints,monsMaenalusFormerConstellation,cloth
athena-former-saints-39,saints,muscaBorealisFormerConstellation,cloth
athena-former-saints-40,saints,noctuaFormerConstellation,cloth
athena-former-saints-41,saints,nubeculaFormerConstellation,cloth
athena-former-saints-42,saints,officinaTypographicaFormerConstellation,cloth
athena-former-saints-43,saints,patellaFormerConstellation,cloth
athena-former-saints-44,saints,phoenicopterusFormerConstellation,cloth
athena-former-saints-45,saints,pinnaMarinaFormerConstellation,cloth
athena-former-saints-46,saints,piscisNotusFormerConstellation,cloth
athena-former-saints-47,saints,polophylaxFormerConstellation,cloth
athena-former-saints-48,saints,pomumImperialeFormerConstellation,cloth
athena-former-saints-49,saints,phaethonFormerConstellation,cloth
athena-former-saints-50,saints,pluteumFormerConstellation,cloth
athena-former-saints-51,saints,psalteriumGeorgiiFormerConstellation,cloth
athena-former-saints-52,saints,quadransMuralisFormerConstellation,cloth
athena-former-saints-53,saints,quadratumFormerConstellation,cloth
athena-former-saints-54,saints,ramusPomiferFormerConstellation,cloth
athena-former-saints-55,saints,roburCarolinumFormerConstellation,cloth
athena-former-saints-56,saints,rosaFormerConstellation,cloth
athena-former-saints-57,saints,sagittaAustralisFormerConstellation,cloth
athena-former-saints-58,saints,scarabaeusFormerConstellation,cloth
athena-former-saints-59,saints,sceptrumBrandenburgicumFormerConstellation,cloth
athena-former-saints-60,saints,sceptrumEtManusIustitiaeFormerConstellation,cloth
athena-former-saints-61,saints,sciurusVolansFormerConstellation,cloth
athena-former-saints-62,saints,sextantsUraniaeFormerConstellation,cloth
athena-former-saints-63,saints,"siren,CeneusAndLangFormerConstellation",cloth
athena-former-saints-64,saints,solariumFormerConstellation,cloth
athena-former-saints-65,saints,sudariumVeronicaeFormerConstellation,cloth
athena-former-saints-66,saints,rangiferOrTarandusFormerConstellation,cloth
athena-former-saints-67,saints,taurusPoniatoviiFormerConstellation,cloth
athena-former-saints-68,saints,tarabellumAndVexillumFormerConstellation,cloth
athena-former-saints-69,saints,telescopiumHerscheliiFormerConstellation,cloth
athena-former-saints-70,saints,tubusHerscheliiMinorFormerConstellation,cloth
athena-former-saints-71,saints,testudoFormerConstellation,cloth
athena-former-saints-72,saints,tigrisFormerConstellation,cloth
athena-former-saints-73,saints,triangulusAntarcticusFormerConstellation,cloth
athena-former-saints-74,saints,triangulumMajusFormerConstellation,cloth
athena-former-saints-75,saints,triangulumMinusFormerConstellation,cloth
athena-former-saints-76,saints,turdusSolitariusFormerConstellation,cloth
athena-former-saints-77,saints,uranoscopusFormerConstellation,cloth
athena-former-saints-78,saints,urnaFormerConstellation,cloth
athena-former-saints-79,saints,vespaFormerConstellation,cloth
athena-hindu-saints-1,saints,ashwiniHinduConstellation,cloth
athena-hindu-saints-2,saints,bharaniHinduConstellation,cloth
athena-hindu-saints-3,saints,krittikaHinduConstellation,cloth
athena-hindu-saints-4,saints,rohiniHinduConstellation,cloth
athena-hindu-saints-5,saints,mrigashirshaHinduConstellation,cloth
athena-hindu-saints-6,saints,ardraHinduConstellation,cloth
athena-hindu-saints-7,saints,punarvasuHinduConstellation,cloth
athena-hindu-saints-8,saints,pushyaHinduConstellation,cloth
athena-hindu-saints-9,saints,ashleshaHinduConstellation,cloth
athena-hindu-saints-10,saints,maghaHinduConstellation,cloth
athena-hindu-saints-11,saints,purvaOrPurvaPhalguniHinduConstellation,cloth
athena-hindu-saints-12,saints,uttaraOrUttaraPhalguniHinduConstellation,cloth
athena-hindu-saints-13,saints,hastaHinduConstellation,cloth
athena-hindu-saints-14,saints,chitraHinduConstellation,cloth
athena-hindu-saints-15,saints,svatiHinduConstellation,cloth
athena-hindu-saints-16,saints,visakhaHinduConstellation,cloth
athena-hindu-saints-17,saints,anuradhaHinduConstellation,cloth
athena-hindu-saints-18,saints,jyeshthaHinduConstellation,cloth
athena-hindu-saints-19,saints,mulaHinduConstellation,cloth
athena-hindu-saints-20,saints,purvaAshadhaHinduConstellation,cloth
athena-hindu-saints-21,saints,uttaraAsadhaHinduConstellation,cloth
athena-hindu-saints-22,saints,sravanaHinduConstellation,cloth
athena-hindu-saints-23,saints,sravisthaOrDhanishtaHinduConstellation,cloth
athena-hindu-saints-24,saints,shatabhishaOrSatatarakaHinduConstellation,cloth
athena-hindu-saints-25,saints,purvaBhadrapadaHinduConstellation,cloth
athena-hindu-saints-26,saints,uttaraBhadrapadaHinduConstellation,cloth
athena-hindu-saints-27,saints,revatiHinduConstellation,cloth
athena-chinese-saints-1,saints,jue/jiaoChineseConstellation,cloth
athena-chinese-saints-2,saints,kangChineseConstellation,cloth
athena-chinese-saints-3,saints,diChineseConstellation,cloth
athena-chinese-saints-4,saints,fangChineseConstellation,cloth
athena-chinese-saints-5,saints,xinChineseConstellation,cloth
athena-chinese-saints-6,saints,weiChineseConstellation,cloth
athena-chinese-saints-7,saints,jiChineseConstellation,cloth
athena-chinese-saints-8,saints,douChineseConstellation,cloth
athena-chinese-saints-9,saints,niuChineseConstellation,cloth
athena-chinese-saints-10,saints,nuChineseConstellation,cloth
athena-chinese-saints-11,saints,xuChineseConstellation,cloth
athena-chinese-saints-12,saints,weiChineseConstellation,cloth
athena-chinese-saints-13,saints,shiChineseConstellation,cloth
athena-chinese-saints-14,saints,biChineseConstellation,cloth
athena-chinese-saints-15,saints,kuiChineseConstellation,cloth
athena-chinese-saints-16,saints,louChineseConstellation,cloth
athena-chinese-saints-17,saints,weiChineseConstellation,cloth
athena-chinese-saints-18,saints,maoChineseConstellation,cloth
athena-chinese-saints-19,saints,biChineseConstellation,cloth
athena-chinese-saints-20,saints,ziChineseConstellation,cloth
athena-chinese-saints-21,saints,shenChineseConstellation,cloth
athena-chinese-saints-22,saints,jingChineseConstellation,cloth
athena-chinese-saints-23,saints,guiChineseConstellation,cloth
athena-chinese-saints-24,saints,liuChineseConstellation,cloth
athena-chinese-saints-25,saints,xingChineseConstellation,cloth
athena-chinese-saints-26,saints,zhangChineseConstellation,cloth
athena-chinese-saints-27,saints,yiChineseConstellation,cloth
athena-chinese-saints-28,saints,zhenChineseConstellation,cloth
athena-unknown-saints,saints,saintsWithoutConstellation,cloth
athena-soldiers,saints,soldiers,cloth
balor-gods,fairies,gods,
balor-fairies,fairies,fairies,
balor-soldiers,fairies,warriors,
bellatrix-gods,guardians,gods,cloth
bellatrix-guardians,guardians,guardians,cloth
bellatrix-soldiers,guardians,imperialGuards,cloth
chronos-gods,hours,gods,aura
chronos-hours-1,hours,i,aura
chronos-hours-2,hours,ii,aura
chronos-hours-3,hours,iii,aura
chronos-hours-4,hours,iv,aura
chronos-hours-5,hours,v,aura
chronos-hours-6,hours,vi,aura
chronos-hours-7,hours,vii,aura
chronos-hours-8,hours,viii,aura
chronos-hours-9,hours,ix,aura
chronos-hours-10,hours,x,aura
chronos-hours-11,hours,xi,aura
chronos-hours-12,hours,xii,aura
chronos-leptas-4-1,hours,ivi,aura
chronos-leptas-4-7,hours,ivVii,aura
chronos-leptas-4-12,hours,ivXii,aura
chronos-leptas-4-13,hours,ivXiii,aura
chronos-leptas-4-27,hours,ivXxvii,aura
chronos-leptas-4-31,hours,ivXxxi,aura
chronos-leptas-4-51,hours,ivLi,aura
chronos-hours-10-6,hours,xVi,aura
chronos-leptas-12-5,hours,xiiV,aura
chronos-stigmas-2-36-54,hours,iiXxxviLiv,aura
chronos-stigmas-4-9-54,hours,ivIxLiv,aura
chronos-stigmas-7-48-6,hours,viiXlviiiVi,aura
cronus-titans-1,titans,time,soma
cronus-titans-2,titans,motherOfGods,soma
cronus-titans-3,titans,ebony,soma
cronus-titans-4,titans,illumination,soma
cronus-titans-5,titans,dimension,soma
cronus-titans-6,titans,divineJustice,soma
cronus-titans-7,titans,darkLightning,soma
cronus-titans-8,titans,moon,soma
cronus-titans-9,titans,current,soma
cronus-titans-10,titans,ocean,soma
cronus-titans-11,titans,galaxy,soma
cronus-titans-12,titans,memory,soma
cronus-titan-soldiers,titans,soldiers,soma
eris-gods,dryads,gods,leaf
eris-phantoms,dryads,phantoms,leaf
eris-dryads,dryads,dryads,leaf
eris-ghost-saints-1,dryads,ghostFive,leaf
eris-ghost-saints-2,dryads,ghostSaints,leaf
eris-soldiers,dryads,soldiers,leaf
garnet-vampire,jewels,vampire,orb
garnet-jewels-leader,jewels,leader,orb
garnet-jewels,jewels,jewels,orb
hades-gods,specters,gods,surplice
hades-brother-gods,specters,brotherGods,surplice
hades-dream-gods,specters,dreamGods,surplice
hades-representative,specters,representative,surplice
hades-celestial-star-1,specters,celestialLeaderStar,surplice
hades-celestial-star-2,specters,celestialStrengthStar,surplice
hades-celestial-star-3,specters,celestialKnowledgeStar,surplice
hades-celestial-star-4,specters,celestialIdlenessStar,surplice
hades-celestial-star-5,specters,celestialBraveStar,surplice
hades-celestial-star-6,specters,celestialMajesticStar,surplice
hades-celestial-star-7,specters,celestialFierceStar,surplice
hades-celestial-star-8,specters,celestialPrestigeStar,surplice
hades-celestial-star-9,specters,celestialHeroStar,surplice
hades-celestial-star-10,specters,celestialNobleStar,surplice
hades-celestial-star-11,specters,celestialWealthStar,surplice
hades-celestial-star-12,specters,celestialFulfillmentStar,surplice
hades-celestial-star-13,specters,celestialSolitaryStar,surplice
hades-celestial-star-14,specters,celestialHarmStar,surplice
hades-celestial-star-15,specters,celestialSteadfastStar,surplice
hades-celestial-star-16,specters,celestialAgileStar,surplice
hades-celestial-star-17,specters,celestialDarkStar,surplice
hades-celestial-star-18,specters,celestialGuardianStar,surplice
hades-celestial-star-19,specters,celestialFlightStar,surplice
hades-celestial-star-20,specters,celestialSpeedStar,surplice
hades-celestial-star-21,specters,celestialDevianceStar,surplice
hades-celestial-star-22,specters,celestialKillerStar,surplice
hades-celestial-star-23,specters,celestialMinuteStar,surplice
hades-celestial-star-24,specters,celestialInvestigativeStar,surplice
hades-celestial-star-25,specters,celestialDefenceStar,surplice
hades-celestial-star-26,specters,celestialLongevityStar,surplice
hades-celestial-star-27,specters,celestialSwordStar,surplice
hades-celestial-star-28,specters,celestialBalanceStar,surplice
hades-celestial-star-29,specters,celestialGuiltStar,surplice
hades-celestial-star-30,specters,celestialDamageStar,surplice
hades-celestial-star-31,specters,celestialDefeatStar,surplice
hades-celestial-star-32,specters,celestialSecureStar,surplice
hades-celestial-star-33,specters,celestialWisdomStar,surplice
hades-celestial-star-34,specters,celestialSavageStar,surplice
hades-celestial-star-35,specters,celestialCryingStar,surplice
hades-celestial-star-36,specters,celestialSkilfulStar,surplice
hades-terrestrial-star-37,specters,terrestrialLeaderStar,surplice
hades-terrestrial-star-38,specters,terrestrialMalignantStar,surplice
hades-terrestrial-star-39,specters,terrestrialBraveStar,surplice
hades-terrestrial-star-40,specters,terrestrialProminenceStar,surplice
hades-terrestrial-star-41,specters,terrestrialHeroicStar,surplice
hades-terrestrial-star-42,specters,terrestrialMajesticStar,surplice
hades-terrestrial-star-43,specters,terrestrialHeroStar,surplice
hades-terrestrial-star-44,specters,terrestrialUniqueStar,surplice
hades-terrestrial-star-45,specters,terrestrialFierceStar,surplice
hades-terrestrial-star-46,specters,terrestrialLiteratureStar,surplice
hades-terrestrial-star-47,specters,terrestrialUprightStar,surplice
hades-terrestrial-star-48,specters,terrestrialWideStar,surplice
hades-terrestrial-star-49,specters,terrestrialWholeStar,surplice
hades-terrestrial-star-50,specters,terrestrialStrongStar,surplice
hades-terrestrial-star-51,specters,terrestrialDarkStar,surplice
hades-terrestrial-star-52,specters,terrestrialAssistStar,surplice
hades-terrestrial-star-53,specters,terrestrialMeetStar,surplice
hades-terrestrial-star-54,specters,terrestrialAidStar,surplice
hades-terrestrial-star-55,specters,terrestrialHelpStar,surplice
hades-terrestrial-star-56,specters,terrestrialSpiritStar,surplice
hades-terrestrial-star-57,specters,terrestrialBeastStar,surplice
hades-terrestrial-star-58,specters,terrestrialMinuteStar,surplice
hades-terrestrial-star-59,specters,terrestrialIntelligentStar,surplice
hades-terrestrial-star-60,specters,terrestrialSavageStar,surplice
hades-terrestrial-star-61,specters,terrestrialCorrectStar,surplice
hades-terrestrial-star-62,specters,terrestrialWildStar,surplice
hades-terrestrial-star-63,specters,terrestrialCrazyStar,surplice
hades-terrestrial-star-64,specters,terrestrialFlyingStar,surplice
hades-terrestrial-star-65,specters,terrestrialWalkingStar,surplice
hades-terrestrial-star-66,specters,terrestrialSkilfulStar,surplice
hades-terrestrial-star-67,specters,terrestrialBrightStar,surplice
hades-terrestrial-star-68,specters,terrestrialForwardStar,surplice
hades-terrestrial-star-69,specters,terrestrialRetreatingStar,surplice
hades-terrestrial-star-70,specters,terrestrialFullStar,surplice
hades-terrestrial-star-71,specters,terrestrialSucceedStar,surplice
hades-terrestrial-star-72,specters,terrestrialCompleteStar,surplice
hades-terrestrial-star-73,specters,terrestrialHiddenStar,surplice
hades-terrestrial-star-74,specters,terrestrialDifferentStar,surplice
hades-terrestrial-star-75,specters,terrestrialManageStar,surplice
hades-terrestrial-star-76,specters,terrestrialHandsomeStar,surplice
hades-terrestrial-star-77,specters,terrestrialMusicStar,surplice
hades-terrestrial-star-78,specters,terrestrialVictoriousStar,surplice
hades-terrestrial-star-79,specters,terrestrialSpeedStar,surplice
hades-terrestrial-star-80,specters,terrestrialGuardianStar,surplice
hades-terrestrial-star-81,specters,terrestrialInspectionStar,surplice
hades-terrestrial-star-82,specters,terrestrialSorceryStar,surplice
hades-terrestrial-star-83,specters,terrestrialDemonStar,surplice
hades-terrestrial-star-84,specters,terrestrialTranquilStar,surplice
hades-terrestrial-star-85,specters,terrestrialConcealmentStar,surplice
hades-terrestrial-star-86,specters,terrestrialRemoteStar,surplice
hades-terrestrial-star-87,specters,terrestrialEmptyStar,surplice
hades-terrestrial-star-88,specters,terrestrialSolitaryStar,surplice
hades-terrestrial-star-89,specters,terrestrialFinishedStar,surplice
hades-terrestrial-star-90,specters,terrestrialShortStar,surplice
hades-terrestrial-star-91,specters,terrestrialHornStar,surplice
hades-terrestrial-star-92,specters,terrestrialPrisonerStar,surplice
hades-terrestrial-star-93,specters,terrestrialHoardingStar,surplice
hades-terrestrial-star-94,specters,terrestrialLevelStar,surplice
hades-terrestrial-star-95,specters,terrestrialHarmStar,surplice
hades-terrestrial-star-96,specters,terrestrialSlaveStar,surplice
hades-terrestrial-star-97,specters,terrestrialDetectiveStar,surplice
hades-terrestrial-star-98,specters,terrestrialEvilStar,surplice
hades-terrestrial-star-99,specters,terrestrialUglyStar,surplice
hades-terrestrial-star-100,specters,terrestrialNumberStar,surplice
hades-terrestrial-star-101,specters,terrestrialShadowyStar,surplice
hades-terrestrial-star-102,specters,terrestrialExecuteStar,surplice
hades-terrestrial-star-103,specters,terrestrialRobustnessStar,surplice
hades-terrestrial-star-104,specters,terrestrialInferiorStar,surplice
hades-terrestrial-star-105,specters,terrestrialHealthyStar,surplice
hades-terrestrial-star-106,specters,terrestrialRatStar,surplice
hades-terrestrial-star-107,specters,terrestrialThiefStar,surplice
hades-terrestrial-star-108,specters,terrestrialHoundStar,surplice
hades-other-specters,specters,unknownEvilStars,surplice
hades-skeleton,specters,soldiers,surplice
hades-ressurected-saints,specters,ressurectedSaints,surplice
hades-ressurected-mariners,specters,ressurectedMariners,surplice
hades-pluton-facelessgods,faceless,gods,
hades-pluton-faceless,faceless,faceless,
hakuryu-gods,taonias,gods,tattoo
hakuryu-taonias,taonias,taonias,tattoo
hakuryu-taonias-low,taonias,lowRank,tattoo
lamech-gods,nothing-servants,gods,
lamech-servants,nothing-servants,servants,
nemesis-gods,spirits,gods,shell
nemesis-spirits,spirits,spirits,shell
odin-blue-warrior-representative,blue-warriors,representative,robe
odin-blue-warriors,blue-warriors,blueWarriors,robe
odin-blue-warrior-low-ranking,blue-warriors,lowRank,robe
odin-blue-warrior-soldiers,blue-warriors,soldiers,robe
odin-gods,god-warriors,gods,robe
odin-god-warriors-representative,god-warriors,representative,robe
odin-god-warriors,god-warriors,godWarriors,robe
odin-ursa-major-representative,god-warriors,representative,robe
odin-ursa-major-star-1,god-warriors,alphaStar,robe
odin-ursa-major-star-2,god-warriors,betaStar,robe
odin-ursa-major-star-3,god-warriors,deltaStar,robe
odin-ursa-major-star-4,god-warriors,epsilonStar,robe
odin-ursa-major-star-5,god-warriors,etaStar,robe
odin-ursa-major-star-6,god-warriors,gammaStar,robe
odin-ursa-major-star-7,god-warriors,zetaStar,robe
odin-chamber-1,god-warriors,jotunheimChamberOfGiant,robe
odin-chamber-2,god-warriors,svartalfheimChamberOfWisdom,robe
odin-chamber-3,god-warriors,alfheimChamberOfLight,robe
odin-chamber-4,god-warriors,helheimChamberOfDead,robe
odin-chamber-5,god-warriors,vanaheimChamberOfHeroes,robe
odin-chamber-6,god-warriors,niflheimChamberOfMist,robe
odin-chamber-7,god-warriors,jaheimChamberOfIce,robe
odin-asgard-soldiers,god-warriors,soldiers,robe
other-characters,others,otherCharacters,
pallas-gods,pallasites,gods,chronotector
pallas-weapon-firstclass-1,pallasites,swordOfCreation,chronotector
pallas-weapon-firstclass-2,pallasites,swordOfDestruction,chronotector
pallas-weapon-firstclass-3,pallasites,swordOfThunder,chronotector
pallas-weapon-firstclass-4,pallasites,swordOfWar,chronotector
pallas-unknown-unknownclass,pallasites,unknownWeaponUnknownClass,chronotector
pallas-weapon-secondclass-1,pallasites,chakram,chronotector
pallas-weapon-secondclass-2,pallasites,gauntlet,chronotector
pallas-weapon-secondclass-3,pallasites,staff,chronotector
pallas-weapon-secondclass-4,pallasites,whip,chronotector
pallas-weapon-secondclass-5,pallasites,gaeBolg,chronotector
pallas-unknown-secondclass,pallasites,unknownWeapon,chronotector
pallas-weapon-thirdclass-1,pallasites,claw,chronotector
pallas-weapon-thirdclass-2,pallasites,club,chronotector
pallas-weapon-thirdclass-3,pallasites,daggers,chronotector
pallas-weapon-thirdclass-4,pallasites,deadlyScythe,chronotector
pallas-weapon-thirdclass-5,pallasites,hammer,chronotector
pallas-weapon-thirdclass-6,pallasites,morgenstern,chronotector
pallas-weapon-thirdclass-7,pallasites,spear,chronotector
pallas-weapon-thirdclass-8,pallasites,tripleRod,chronotector
pallas-pallasite-soldiers,pallasites,soldiers,chronotector
pontos-primordial-gods,primordial-gods,primordialGods,
pontos-cyclops,primordial-gods,cyclops,
pontos-cyclops-soldiers,primordial-gods,soldiers,
pontos-grigoris,primordial-gods,grigoris,
pontos-hecatonchires,primordial-gods,hecatonchires,
poseidon-gods,mariners,gods,scale
poseidon-mariners-archetypes,mariners,archetypes,scale
poseidon-mariners-generals,mariners,generals,scale
poseidon-mariners,mariners,mariners,scale
poseidon-mariner-soldiers,mariners,soldiers,scale
ra-egyptian-gods,legionaries,gods,
ra-legionaries,legionaries,legionaries,
tezcatlipoca-gods,jaguars,gods,nahuals
tezcatlipoca-jaguars,jaguars,jaguars,nahuals
tezcatlipoca-jaguar-soldiers,jaguars,soldiers,nahuals
typhon-gods,gigas,godGiga,adamas
typhon-woman-giga,gigas,womangiga,adamas
typhon-sons-1,gigas,demontwindog,adamas
typhon-sons-2,gigas,syntheticBeast,adamas
typhon-sons-3,gigas,hundredDragons,adamas
typhon-brothers-1,gigas,bruteForce,adamas
typhon-brothers-2,gigas,thunderclap,adamas
typhon-brothers-3,gigas,stupidity,adamas
typhon-brothers-4,gigas,warcry,adamas
typhon-gigas-1,gigas,phoinikeos,adamas
typhon-gigas-2,gigas,kyanos,adamas
typhon-gigas-3,gigas,melas,adamas
typhon-gigas-4,gigas,leukotes,adamas
typhon-gigas-5,gigas,phaios,adamas
typhon-gigas-6,gigas,anthrakma,adamas
typhon-gigas-7,gigas,margarites,adamas
typhon-gigas-8,gigas,elektron,adamas
typhon-gigas-9,gigas,nefritis,adamas
typhon-unknown,gigas,unknown,adamas
zeus-gods,olympians,olympians,kamui
